{
    "effect": [
      {
        "name": "face_mask",
        "viewport": [
            0,
            0,
            324,
            576
        ],    
        "autoChangeViewport": 1,                  
        "vertexShader": "res/shader/face_mask/v.vert",
        "vUniforms": [
                        {
                           "name": "uMVPMatrix",
                           "type": 8,
                           "data": [0.0,0.0,0.0,-1.0,
                                    0.0,0.0,0.0,-1.0,
                                    0.0,0.0,1.0,0.0,
                                    0.0,0.0,0.0,1.0]
                        },  
                        {
                           "name": "uSTMatrix",
                           "type": 8,
                           "data": [1.0,0.0,0.0,0.0,
                                    0.0,1.0,0.0,0.0,
                                    0.0,0.0,1.0,0.0,
                                    0.0,0.0,0.0,1.0]
                        },
                        {
                           "name": "isVerticalFlip",
                           "type": 3,
                           "data": [1.0]
                        },
                        {
                           "name": "inputTextureSize",
                           "type": 4,
                           "data": [720.0,1280.0]
                        }
                     ],
        "fragmentShader": "res/shader/face_mask/f.frag",
        "fUniforms": [
                        {
                           "name": "maskTexture",
                           "type": 1,
                           "data": ["res/texture/faceMask.png"]
                        },
                        {
                          "name": "ratio",
                          "type": 3,
                          "data": [0.0]
                       }
                      ]
                },
               {
                "name": "blur1",
                "inputEffect": ["face_mask"],
                "viewport": [
                  0,
                  0,
                  324,
                  576
              ],   
              "autoChangeViewport": 1,       
                "vertexShader": "res/shader/jointboxfilter/v.vert",
                "vUniforms": [
                             ],
                "fragmentShader": "res/shader/jointboxfilter/f.frag",
                "fUniforms": [
                                {
                                   "name": "ori_img",
                                   "type": 100                           
                                },
                                {
                                  "name": "face_mask",
                                  "type": 1000,
                                  "inputEffectIndex": 0
                                },
                                {
                                  "name": "value_factor",
                                  "type": 3,
                                  "data": [100.0]
                               },
                               {
                                "name": "ratio",
                                "type": 3,
                                "data": [0.0]
                              }
                              ]
                },
                {
                  "name": "blur2",
                  "inputEffect": ["blur1", "face_mask"],
                  "viewport": [
                    0,
                    0,
                    324,
                    576
                ],   
                "autoChangeViewport": 1, 
                  "vertexShader": "res/shader/jointboxfilter/v.vert",
                  "vUniforms": [
                               ],
                  "fragmentShader": "res/shader/jointboxfilter/f.frag",
                  "fUniforms": [
                                  {
                                     "name": "ori_img",
                                     "type": 1000,
                                     "inputEffectIndex": 0                                     
                                  },
                                  {
                                    "name": "face_mask",
                                    "type": 1000,
                                    "inputEffectIndex": 1
                                  },
                                  {
                                    "name": "value_factor",
                                    "type": 3,
                                    "data": [50.0]
                                 },
                                 {
                                  "name": "ratio",
                                  "type": 3,
                                  "data": [0.0]
                                }
                                ]
                  },
                  {
                    "name": "blend",
                    "inputEffect": ["blur1", "blur2", "face_mask"],
                    "vertexShader": "res/shader/blend/v.vert",
                    "vUniforms": [
                                 ],
                    "fragmentShader": "res/shader/blend/f.frag",
                    "fUniforms": [
                                    {
                                       "name": "ori_img",
                                       "type": 100                           
                                    },
                                    {
                                       "name": "blur1",
                                       "type": 1000,
                                       "inputEffectIndex": 0
                                    },
                                    {
                                     "name": "blur2",
                                     "type": 1000,
                                     "inputEffectIndex": 1
                                    },
                                    {
                                      "name": "face_mask",
                                      "type": 1000,
                                      "inputEffectIndex": 2
                                    },
                                    {
                                       "name": "ratio",
                                       "type": 3,
                                       "data": [0.0]
                                    }
                                  ]
                    } 
    ],
    "version": 1.0
}





