{
    "faceID": [
        0,
        1,
        2,
        3,
        4
    ],
    "faceSDKType": 3,
    "filters": [
        {
            "2d_sequence_resources": {
                "imageCount": 1,
                "imageInterval": 0.05,
                "name": "lips0",
                "path": "lips/"
            },
            "blendMode": 0,
            "filterType": "lips_keypoint_faceu",
            "intensity": 1.0,
            "maleOpacity": 0.0,
            "mask_resources": {
                "imageCount": 1,
                "imageInterval": 0.05000000074505806,
                "name": "lips0mask",
                "path": "lips/"
            },
            "rect": {
                "height": 1280,
                "width": 1280,
                "x": 0,
                "y": 0
            },
            "shaderTypeParam": 0,
            "stMatrix": [
                4.0,
                0.0,
                0.0,
                -1.5,
                0.0,
                8.0,
                0.0,
                -1.799999952316284,
                0.0,
                0.0,
                1.0,
                0.0,
                0.0,
                0.0,
                0.0,
                1.0
            ],
            "zPosition": 2994,
            "useSegmentation": true
        },
        {
            "2d_sequence_resources": {
                "imageCount": 1,
                "imageInterval": 0.05,
                "name": "facialfeatures",
                "path": "facialfeatures/"
            },
            "blendMode": 22,
            "filterType": "mask_faceuv2",
            "intensity": 1.0,
            "maleOpacity": 0.0,
            "rect": {
                "height": 1280,
                "width": 1280,
                "x": 0,
                "y": 0
            },
            "shaderTypeParam": 2,
            "zPosition": 2999,
            "useSegmentation": true,
            "SrcBlendFunc": 1,
            "DstBlendFunc": 7,
            "AlphaSrcBlendFunc": 1,
            "AlphaDstBlendFunc": 7,
            "vertShaderPath": "facialShader/vertShader.glsl",
            "fragShaderPath": "facialShader/fragShader.glsl"
        },
        {
            "2d_sequence_resources": {
                "imageCount": 1,
                "imageInterval": 0.05,
                "name": "blusher",
                "path": "blusher2/"
            },
            "blendMode": 15,
            "filterType": "mask_faceuv2",
            "intensity": 1.0,
            "maleOpacity": 0.0,
            "rect": {
                "height": 1280,
                "width": 1280,
                "x": 0,
                "y": 0
            },
            "shaderTypeParam": 2,
            "stMatrix": [
                1.0,
                0.0,
                0.0,
                0.0,
                0.0,
                1.0,
                0.0,
                0.0,
                0.0,
                0.0,
                1.0,
                0.0,
                0.0,
                0.0,
                0.0,
                1.0
            ],
            "zPosition": 2997,
            "useSegmentation": true,
            "SrcBlendFunc": 1,
            "DstBlendFunc": 7,
            "AlphaSrcBlendFunc": 1,
            "AlphaDstBlendFunc": 7,
            "vertShaderPath": "bluhserShader/vertShader.glsl",
            "fragShaderPath": "bluhserShader/fragShader.glsl"
        },
        {
            "2d_sequence_resources": {
                "imageCount": 1,
                "imageInterval": 0.05,
                "name": "eye",
                "path": "eye/"
            },
            "blendMode": 15,
            "filterType": "eye_part_faceu",
            "intensity": 0.93,
            "maleOpacity": 0.0,
            "rect": {
                "height": 1280,
                "width": 1280,
                "x": 0,
                "y": 0
            },
            "shaderTypeParam": 2,
            "stMatrix": [
                2.0,
                0.0,
                0.0,
                -0.5,
                0.0,
                4.0,
                0.0,
                -1.75,
                0.0,
                0.0,
                1.0,
                0.0,
                0.0,
                0.0,
                0.0,
                1.0
            ],
            "zPosition": 2991,
            "useSegmentation": true,
            "SrcBlendFunc": 1,
            "DstBlendFunc": 7,
            "AlphaSrcBlendFunc": 1,
            "AlphaDstBlendFunc": 7,
            "vertShaderPath": "eyeShader/vertShader.glsl",
            "fragShaderPath": "eyeShader/fragShader.glsl"
        },
        {
            "2d_sequence_resources": {
                "imageCount": 1,
                "imageInterval": 0.05,
                "name": "eye",
                "path": "eyelash/"
            },
            "blendMode": 15,
            "filterType": "eye_part_faceu",
            "intensity": 1.0,
            "maleOpacity": 0.0,
            "rect": {
                "height": 1280,
                "width": 1280,
                "x": 0,
                "y": 0
            },
            "shaderTypeParam": 2,
            "stMatrix": [
                2.0,
                0.0,
                0.0,
                -0.5,
                0.0,
                4.0,
                0.0,
                -1.75,
                0.0,
                0.0,
                1.0,
                0.0,
                0.0,
                0.0,
                0.0,
                1.0
            ],
            "zPosition": 2990,
            "useSegmentation": true,
            "SrcBlendFunc": 1,
            "DstBlendFunc": 7,
            "AlphaSrcBlendFunc": 1,
            "AlphaDstBlendFunc": 7,
            "vertShaderPath": "eyeShader/vertShader.glsl",
            "fragShaderPath": "eyeShader/fragShader.glsl"
        },
        {
            "2d_sequence_resources": {
                "imageCount": 1,
                "imageInterval": 0.05,
                "name": "blusher",
                "path": "normal2/"
            },
            "blendMode": 0,
            "filterType": "mask_faceuv2",
            "intensity": 1.0,
            "maleOpacity": 0.0,
            "rect": {
                "height": 1280,
                "width": 1280,
                "x": 0,
                "y": 0
            },
            "shaderTypeParam": 2,
            "zPosition": 2998,
            "useSegmentation": true,
            "SrcBlendFunc": 1,
            "DstBlendFunc": 7,
            "AlphaSrcBlendFunc": 1,
            "AlphaDstBlendFunc": 7,
            "vertShaderPath": "bluhserShader_blend0/vertShader.glsl",
            "fragShaderPath": "bluhserShader_blend0/fragShader.glsl"
        },
        {
            "2d_sequence_resources": {
                "imageCount": 1,
                "imageInterval": 0.05,
                "name": "eye",
                "path": "eye_screen/"
            },
            "blendMode": 21,
            "filterType": "eye_part_faceu",
            "intensity": 1.0,
            "maleOpacity": 0.0,
            "rect": {
                "height": 1280,
                "width": 1280,
                "x": 0,
                "y": 0
            },
            "shaderTypeParam": 2,
            "stMatrix": [
                2.0,
                0.0,
                0.0,
                -0.5,
                0.0,
                4.0,
                0.0,
                -1.75,
                0.0,
                0.0,
                1.0,
                0.0,
                0.0,
                0.0,
                0.0,
                1.0
            ],
            "zPosition": 2992,
            "useSegmentation": true,
            "SrcBlendFunc": 1,
            "DstBlendFunc": 7,
            "AlphaSrcBlendFunc": 1,
            "AlphaDstBlendFunc": 7,
            "vertShaderPath": "eyeScreenShader/vertShader.glsl",
            "fragShaderPath": "eyeScreenShader/fragShader.glsl"
        },
        {
            "2d_sequence_resources": {
                "imageCount": 1,
                "imageInterval": 0.05,
                "name": "lips0",
                "path": "lips1/"
            },
            "blendMode": 0,
            "filterType": "lips_keypoint_faceu",
            "fragShaderPath": "lipShader/fragShader.glsl",
            "intensity": 0.8,
            "maleOpacity": 0.0,
            "rect": {
                "height": 1280,
                "width": 1280,
                "x": 0,
                "y": 0
            },
            "shaderTypeParam": 0,
            "stMatrix": [
                4.0,
                0.0,
                0.0,
                -1.5,
                0.0,
                8.0,
                0.0,
                -1.799999952316284,
                0.0,
                0.0,
                1.0,
                0.0,
                0.0,
                0.0,
                0.0,
                1.0
            ],
            "vertShaderPath": "lipShader/vertShader.glsl",
            "zPosition": 2995,
            "useSegmentation": true
        }
    ],
    "standardFaceKeyPoints": "mask/texcoord.txt",
    "standardFaceSize": {
        "height": 1280,
        "width": 1280
    },
    "version": "3.6"
}