{
    "faceID": [
        0,
        1,
        2,
        3,
        4
    ],
    "faceSDKType": 2,
    "filters": [
        {
            "filterType": "teeth",
            "intensity": 0.35,
            "lookup_resources": {
                "imageCount": 1,
                "imageInterval": 0.05000000074505806,
                "name": "teethLookup",
                "path": "teethLookup1521686473598/"
            },
            "maleOpacity": 1.0,
            "mask_resources": {
                "imageCount": 1,
                "imageInterval": 0.05000000074505806,
                "name": "teethMask",
                "path": "teethMask1521686473602/"
            },
            "rect": {
                "height": 1280,
                "width": 1280,
                "x": 0,
                "y": 0
            },
            "zPosition": 3,
            "useSegmentation": true
        }
    ],
    "standardFaceKeyPoints": "mask/texcoord.txt",
    "standardFaceSize": {
        "height": 1280,
        "width": 1280
    },
    "version": "1.1"
}