{
    "effect": [
        {
            "name": "words",
            "vertexShader": "resource/vshader.vsh",
            "vUniforms": [
            ],
            "fragmentShader": "resource/fshader.fsh",
            "fUniforms": [
                {
                    "name": "maskImageTexture",
                    "type": 2000
                },
                {
                    "name": "inputImageTexture",
                    "type": 100
                },                                       
                {
                  "name": "blurSize",
                  "type": 3,
                  "data": [1.0]
                },                                       
                {
                  "name": "radius",
                  "type": 3,
                  "data": [5.0]
                },                                       
                {
                  "name": "stdDev",
                  "type": 3,
                  "data": [100.0]
                },                                       
                {
                  "name": "scale",
                  "type": 3,
                  "data": [1.0]
                },                                       
                {
                  "name": "blurStrength",
                  "type": 3,
                  "data": [1.0]
                },                                       
                {
                  "name": "screenSize",
                  "type": 4,
                  "data": [720.0, 1080.0]
                },                                       
                {
                  "name": "touchPoint",
                  "type": 4,
                  "data": [10.5, 10.5]
                }
            ]
        }
    ],
    "version": 1.0
}
