{
  "effect": [{
      "name": "whiten",
      "vertexShader": "shader/Filter.vert",
      "vUniforms": [],
      "fragmentShader": "shader/Filter.frag",
      "fUniforms": [
        {
          "name": "inputImageTexture",
          "type": 100
        },
        {
            "name": "inputImageTexture2",
            "type": 1,
            "data": ["texture/filter.png"]
        },                                       
        {
          "name": "uniAlpha",
          "type": 3,
          "data": [0.0]
        }
      ]
    }
  ],
  "version": 1.1
}
