{
	"content" : {},
	"requirement" : 
	{
		"2handDetect" : false,
		"2handDetectKeyPoint" : false,
		"3dFaceMeshPerspective" : true,
		"FaceAttributes" : false,
		"ageDetect" : false,
		"animoji" : false,
		"catFaceDetect" : false,
		"expressionDetect" : false,
		"faceDetect" : true,
		"faceDetect240" : false,
		"faceDetect280" : false,
		"faceDetectDu" : false,
		"faceSeg" : false,
		"foot" : false,
		"genderDetect" : false,
		"hairColor" : false,
		"handDetect" : false,
		"handDetectKeyPoint" : false,
		"handDetectKeyPoint3D" : false,
		"handDetectLeftRight" : false,
		"handSegment" : false,
		"headSeg" : false,
		"matting" : false,
		"mouthSeg" : false,
		"skeletonDetect" : false
	},
	"tag" : "AMG_9550619380172720071859298254599320708",
	"version" : "1.0"
}