{
    "standardFaceKeyPoints": "mask/texcoord.txt",
    "standardFaceSize": {
        "width": 1280,
        "height": 1280
    },
    "faceSDKType": 3,
    "version": "3.6",
    "filters": [
        
        {
            "stMatrix": [
                4.0,
                0.0,
                0.0,
                -1.5,
                0.0,
                8.0,
                0.0,
                -1.799999952316284,
                0.0,
                0.0,
                1.0,
                0.0,
                0.0,
                0.0,
                0.0,
                1.0
            ],
            "mask_resources": {
                "path": "lips/",
                "name": "lips0mask",
                "imageCount": 1,
                "imageInterval": 0.05000000074505806
            },
            "filterType": "lips_keypoint_faceu",
            "2d_sequence_resources": {
                "path": "lips/",
                "imageInterval": 0.05,
                "imageCount": 1,
                "name": "lips0"
            },
            "shaderTypeParam": 0,
            "intensity": 1.0,
            "blendMode": 0,
            "zPosition": 2994,
            "rect": {
                "y": 0,
                "width": 1280,
                "x": 0,
                "height": 1280
            }
        },
        {
            "filterType": "mask_faceuv2",
            "2d_sequence_resources": {
                "path": "facialfeatures/",
                "imageInterval": 0.05,
                "imageCount": 1,
                "name": "facialfeatures"
            },
            "shaderTypeParam": 0,
            "intensity": 1.0,
            "blendMode": 22,
            "zPosition": 2999,
            "rect": {
                "y": 0,
                "width": 1280,
                "x": 0,
                "height": 1280
            }
        },
        {
            "stMatrix": [
                1.0,
                0.0,
                0.0,
                0.0,
                0.0,
                1.0,
                0.0,
                0.0,
                0.0,
                0.0,
                1.0,
                0.0,
                0.0,
                0.0,
                0.0,
                1.0
            ],
            "filterType": "mask_faceuv2",
            "2d_sequence_resources": {
                "path": "blusher2/",
                "imageInterval": 0.05,
                "imageCount": 1,
                "name": "blusher"
            },
            "shaderTypeParam": 0,
            "intensity": 1.0,
            "blendMode": 15,
            "zPosition": 2997,
            "rect": {
                "y": 0,
                "width": 1280,
                "x": 0,
                "height": 1280
            }
        },
        {
            "stMatrix": [
                2.0,
                0.0,
                0.0,
                -0.5,
                0.0,
                4.0,
                0.0,
                -1.75,
                0.0,
                0.0,
                1.0,
                0.0,
                0.0,
                0.0,
                0.0,
                1.0
            ],
            "filterType": "eye_part_faceu",
            "2d_sequence_resources": {
                "path": "eye/",
                "imageInterval": 0.05,
                "imageCount": 1,
                "name": "eye"
            },
            "shaderTypeParam": 0,
            "intensity": 0.93,
            "blendMode": 15,
            "zPosition": 2991,
            "rect": {
                "y": 0,
                "width": 1280,
                "x": 0,
                "height": 1280
            }
        },
        {
            "stMatrix": [
                2.0,
                0.0,
                0.0,
                -0.5,
                0.0,
                4.0,
                0.0,
                -1.75,
                0.0,
                0.0,
                1.0,
                0.0,
                0.0,
                0.0,
                0.0,
                1.0
            ],
            "filterType": "eye_part_faceu",
            "2d_sequence_resources": {
                "path": "eyelash/",
                "imageInterval": 0.05,
                "imageCount": 1,
                "name": "eye"
            },
            "shaderTypeParam": 0,
            "intensity": 1.0,
            "blendMode": 15,
            "zPosition": 2990,
            "rect": {
                "y": 0,
                "width": 1280,
                "x": 0,
                "height": 1280
            }
        },
        {
            "filterType": "mask_faceuv2",
            "2d_sequence_resources": {
                "path": "normal2/",
                "imageInterval": 0.05,
                "imageCount": 1,
                "name": "blusher"
            },
            "shaderTypeParam": 0,
            "intensity": 1.0,
            "blendMode": 0,
            "zPosition": 2998,
            "rect": {
                "y": 0,
                "width": 1280,
                "x": 0,
                "height": 1280
            }
        },
        {
            "stMatrix": [
                2.0,
                0.0,
                0.0,
                -0.5,
                0.0,
                4.0,
                0.0,
                -1.75,
                0.0,
                0.0,
                1.0,
                0.0,
                0.0,
                0.0,
                0.0,
                1.0
            ],
            "mask_resources": {
                "path": "browmask/",
                "imageInterval": 0.05,
                "imageCount": 1,
                "name": "browmask"
            },
            "filterType": "brow_faceu",
            "2d_sequence_resources": {
                "path": "eye_screen/",
                "imageInterval": 0.05,
                "imageCount": 1,
                "name": "eye"
            },
            "shaderTypeParam": 0,
            "intensity": 1.0,
            "blendMode": 21,
            "zPosition": 2992,
            "rect": {
                "y": 0,
                "width": 1280,
                "x": 0,
                "height": 1280
            }
        }
    ],
    "faceID": [
        0,
        1,
        2,
        3,
        4
    ]
}
