{
    "faceID": [
        0,
        1,
        2,
        3,
        4
    ],
    "faceSDKType": 3,
    "filters": [
        {
            "FaceBeautyParam": {
                "eyeDetailIntensity": 0.5,
                "removeNasolabialFoldsIntensity": 0.35,
                "removePouchIntensity": 0.5
            },
            "blendMode": 15,
            "filterTitle": "eye_detail_faceu",
            "filterType": "eye_detail_faceu",
            "intensity": 1.0,
            "maleOpacity": 1.0,
            "mask_resources": {
                "imageCount": 1,
                "name": "facemask",
                "path": "smoothmask/"
            },
            "rect": {
                "height": 512,
                "width": 512,
                "x": 0,
                "y": 0
            },
            "zPosition": 50001,
            "useSegmentation": true
        }
    ],
    "standardFaceKeyPoints": "mask/texcoord.txt",
    "standardFaceSize": {
        "height": 512,
        "width": 512
    },
    "version": "1.1"
}