{
  "effect": [{
      "name": "brightness",
      "vertexShader": "brightness/color_map.vs",
      "vUniforms": [{
          "name": "imageWidth",
          "type": 200
        },
        {
          "name": "imageHeight",
          "type": 201
        }
      ],
      "fragmentShader": "brightness/color_map.fs",
      "fUniforms": [{
          "name": "uTime",
          "type": 302
        },
        {
          "name": "inputImageTexture",
          "type": 100
        },
        {
          "name": "inputImageTexture2",
          "type": 1,
          "data": ["brightness/brightness_min.png"]
        },
        {
          "name": "inputImageTexture3",
          "type": 1,
          "data": ["brightness/brightness_max.png"]
        },
        {
          "name": "intensity",
          "type": 3,
          "data": [1.0]
        }
      ]
    }
  ],
  "version": 1.1
}
