{
    "effect": [
        {
            "name": "boxblur",
            "viewport": [
                0,
                0,
                324,
                576
            ],
            "autoChangeViewport": 2,
            "vertexShader": "resource1/shader/boxblur/Beauty.vert",
            "vUniforms": [
                {
                    "name": "texBlurWidthOffset",
                    "type": 3,
                    "data": [
                        0.0
                    ]
                },
                {
                    "name": "texBlurHeightOffset",
                    "type": 301
                }
            ],
            "fragmentShader": "resource1/shader/boxblur/Beauty.frag",
            "fUniforms": [
                {
                    "name": "srcImageTex",
                    "type": 100
                }
            ]
        },
        {
            "name": "boxblur_2",
            "inputEffect": [
                "boxblur"
            ],
            "viewport": [
                0,
                0,
                324,
                576
            ],
            "autoChangeViewport": 2,
            "vertexShader": "resource1/shader/boxblur/Beauty.vert",
            "vUniforms": [
                {
                    "name": "texBlurWidthOffset",
                    "type": 300
                },
                {
                    "name": "texBlurHeightOffset",
                    "type": 3,
                    "data": [
                        0.0
                    ]
                }
            ],
            "fragmentShader": "resource1/shader/boxblur_2/Beauty.frag",
            "fUniforms": [
                {
                    "name": "srcImageTex",
                    "type": 100
                },
                {
                    "name": "blurImageTex",
                    "type": 1000,
                    "inputEffectIndex": 0
                }
            ]
        },
        {
            "name": "boxblur_alpha_1",
            "inputEffect": [
                "boxblur_2"
            ],
            "viewport": [
                0,
                0,
                324,
                576
            ],
            "autoChangeViewport": 2,
            "vertexShader": "resource1/shader/boxblur/Beauty.vert",
            "vUniforms": [
                {
                    "name": "texBlurWidthOffset",
                    "type": 3,
                    "data": [
                        0.0
                    ]
                },
                {
                    "name": "texBlurHeightOffset",
                    "type": 301
                }
            ],
            "fragmentShader": "resource1/shader/boxblur_alpha/Beauty.frag",
            "fUniforms": [
                {
                    "name": "varImageTex",
                    "type": 1000,
                    "inputEffectIndex": 0
                }
            ]
        },
        {
            "name": "boxblur_alpha_2",
            "inputEffect": [
                "boxblur_alpha_1"
            ],
            "viewport": [
                0,
                0,
                324,
                576
            ],
            "autoChangeViewport": 2,
            "vertexShader": "resource1/shader/boxblur/Beauty.vert",
            "vUniforms": [
                {
                    "name": "texBlurWidthOffset",
                    "type": 300
                },
                {
                    "name": "texBlurHeightOffset",
                    "type": 3,
                    "data": [
                        0.0
                    ]
                }
            ],
            "fragmentShader": "resource1/shader/boxblur_alpha/Beauty.frag",
            "fUniforms": [
                {
                    "name": "varImageTex",
                    "type": 1000,
                    "inputEffectIndex": 0
                }
            ]
        },
        {
            "name": "smooth",
            "inputEffect": [
                "boxblur_alpha_2"
            ],
            "vertexShader": "resource1/shader/smooth/Beauty.vert",
            "vUniforms": [
                {
                    "name": "widthOffset",
                    "type": 300
                },
                {
                    "name": "heightOffset",
                    "type": 301
                }
            ],
            "fragmentShader": "resource1/shader/smooth/Beauty.frag",
            "fUniforms": [
                {
                    "name": "srcImageTex",
                    "type": 100
                },
                {
                    "name": "blurImageTex",
                    "type": 1000,
                    "inputEffectIndex": 0
                },
                {
                    "name": "blurAlpha",
                    "type": 3,
                    "data": [
                        0.6
                    ]
                },
                {
                    "name": "sharpen",
                    "type": 3,
                    "data": [
                        0.05
                    ]
                },
                {
                    "name": "frequencyRangeValue",
                    "type": 6,
                    "data": [
                        0.2,
                        0.5,
                        0.9,
                        0.9
                    ]
                },
                {
                    "name": "frequencyRangeBlur",
                    "type": 6,
                    "data": [
                        1.0,
                        0.9,
                        0.5,
                        0.08
                    ]
                }
            ]
        },
        {
            "name": "makeup",
            "viewport": [
                0,
                0,
                324,
                576
            ],
            "autoChangeViewport": 2,
            "vertexShader": "resource1/shader/makeup/Beauty.vert",
            "vUniforms": [
                {
                    "name": "uMVPMatrix",
                    "type": 8,
                    "data": [0.0,0.0,0.0,-1.0,
                             0.0,0.0,0.0,-1.0,
                             0.0,0.0,1.0,0.0,
                             0.0,0.0,0.0,1.0]
                },
                {
                    "name": "uSTMatrix",
                    "type": 8,
                    "data": [1.0,0.0,0.0,0.0,
                             0.0,1.0,0.0,0.0,
                             0.0,0.0,1.0,0.0,
                             0.0,0.0,0.0,1.0]
                },
                {
                    "name": "isVerticalFlip",
                    "type": 3,
                    "data": [
                        1.0
                    ]
                },
                {
                    "name": "inputTextureSize",
                    "type": 4,
                    "data": [
                        720,
                        1280
                    ]
                }
            ],
            "fragmentShader": "resource1/shader/makeup/Beauty.frag",
            "fUniforms": [
                {
                    "name": "inputImageMaskTexture2",
                    "type": 1,
                    "data": [
                        "resource1/texture/clarityMask.png"
                    ]
                }
            ]
        },
        {
            "name": "sharp",
            "inputEffect": [
                "smooth",
                "makeup"
            ],
            "vertexShader": "resource1/shader/sharp/Beauty.vert",
            "vUniforms": [
                {
                    "name": "widthOffset",
                    "type": 300
                },
                {
                    "name": "heightOffset",
                    "type": 301
                }
            ],
            "fragmentShader": "resource1/shader/sharp/Beauty.frag",
            "fUniforms": [
                {
                    "name": "srcImageTex",
                    "type": 1000,
                    "inputEffectIndex": 0
                },
                {
                    "name": "inputMaskTexture",
                    "type": 1000,
                    "inputEffectIndex": 1
                },
                {
                    "name": "useMask",
                    "type": 2,
                    "data": [
                        0
                    ]
                },
                {
                    "name": "sharpenRatio",
                    "type": 3,
                    "data": [
                        0.5
                    ]
                },
                {
                    "name": "sharpenAlpha",
                    "type": 3,
                    "data": [
                        0.0
                    ]
                }
            ]
        },
        {
            "name": "sharp2",
            "inputEffect": [
                "sharp",
                "makeup"
            ],
            "vertexShader": "resource1/shader/sharp/Beauty.vert",
            "vUniforms": [
                {
                    "name": "widthOffset",
                    "type": 300
                },
                {
                    "name": "heightOffset",
                    "type": 301
                }
            ],
            "fragmentShader": "resource1/shader/sharp/Beauty.frag",
            "fUniforms": [
                {
                    "name": "srcImageTex",
                    "type": 1000,
                    "inputEffectIndex": 0
                },
                {
                    "name": "inputMaskTexture",
                    "type": 1000,
                    "inputEffectIndex": 1
                },
                {
                    "name": "useMask",
                    "type": 2,
                    "data": [
                        0
                    ]
                },
                {
                    "name": "sharpenRatio",
                    "type": 3,
                    "data": [
                        0.5
                    ]
                },
                {
                    "name": "sharpenAlpha",
                    "type": 3,
                    "data": [
                        0.0
                    ]
                }
            ]
        }
    ],
    "version": 1.0
}