{
    "standardFaceKeyPoints": "mask/texcoord.txt",
    "standardFaceSize": {
        "width": 1280,
        "height": 1280
    },
    "faceSDKType": 3,
    "version": "3.6",
    "filters": [
        {
            "stMatrix": [
                4.0,
                0.0,
                0.0,
                -1.5,
                0.0,
                8.0,
                0.0,
                -1.799999952316284,
                0.0,
                0.0,
                1.0,
                0.0,
                0.0,
                0.0,
                0.0,
                1.0
            ],
            "mask_resources": {
                "path": "lips/",
                "name": "lips0mask",
                "imageCount": 1,
                "imageInterval": 0.05000000074505806
            },
            "filterType": "lips_keypoint_faceu",
            "2d_sequence_resources": {
                "path": "lips/",
                "imageInterval": 0.05,
                "imageCount": 1,
                "name": "lips0"
            },
            "shaderTypeParam": 0,
            "intensity": 1.0,
            "maleOpacity": 1.0,
            "femaleOpacity": 0.0,
            "blendMode": 0,
            "zPosition": 2994,
            "rect": {
                "y": 0,
                "width": 1280,
                "x": 0,
                "height": 1280
            },
            "useSegmentation": true
        },
        {
            "filterType": "mask_faceuv2",
            "2d_sequence_resources": {
                "path": "facialfeatures/",
                "imageInterval": 0.05,
                "imageCount": 1,
                "name": "facialfeatures"
            },
            "shaderTypeParam": 2,
            "intensity": 1.0,
            "maleOpacity": 1.0,
            "femaleOpacity": 0.0,
            "blendMode": 22,
            "zPosition": 2999,
            "rect": {
                "y": 0,
                "width": 1280,
                "x": 0,
                "height": 1280
            },
            "useSegmentation": true,
            "SrcBlendFunc": 1,
            "DstBlendFunc": 7,
            "AlphaSrcBlendFunc": 1,
            "AlphaDstBlendFunc": 7,
            "vertShaderPath": "facialShader/vertShader.glsl",
            "fragShaderPath": "facialShader/fragShader.glsl"
        }
    ],
    "faceID": [
        0,
        1,
        2,
        3,
        4
    ]
}