{
  "parts": {
    "entityname6A00BAF0103C40229C4A6F0D29F6942B": {
      "clipname1": {
        "alphaFactor": 1.0,
        "blendmode": 1022,
        "fps": 2,
        "height": 958,
        "textureIdx": {
          "idx": [
            0
          ],
          "type": "image"
        },
        "transformParams": {
          "position": {
            "point0": {
              "anchor": [
                0.0,
                0.5
              ],
              "point": [
                {
                  "idx": "topright",
                  "relationRef": 0,
                  "relationType": "foreground",
                  "weight": 0.0
                },
                {
                  "idx": "bottomleft",
                  "relationRef": 0,
                  "relationType": "foreground",
                  "weight": 0.37421874999999993
                }
              ]
            },
            "point1": {
              "anchor": [
                1.0,
                0.5
              ],
              "point": [
                {
                  "idx": "topright",
                  "relationRef": 0,
                  "relationType": "foreground",
                  "weight": 0.9999999999999999
                },
                {
                  "idx": "bottomleft",
                  "relationRef": 0,
                  "relationType": "foreground",
                  "weight": 0.37421874999999993
                }
              ]
            }
          },
          "relation": {
            "foreground": 1
          },
          "relationIndex": [
            0
          ],
          "relationRefOrder": 0,
          "rotationtype": 1,
          "scale": {
            "scaleY": {
              "factor": 0.7484374999999999
            }
          }
        },
        "transformType": "FOLLOW",
        "width": 720,
        "zorder": 5000
      }
    }
  },
  "texturefiles": [
    "clipname1/clipname1_000.png"
  ]
}