{
	"content" : {},
	"requirement" : 
	{
		"2handDetect" : false,
		"2handDetectKeyPoint" : false,
		"3dFaceMeshPerspective" : false,
		"FaceAttributes" : false,
		"ageDetect" : false,
		"animoji" : false,
		"catFace" : false,
		"expressionDetect" : false,
		"faceDetect" : true,
		"faceDetect240" : false,
		"faceDetect280" : false,
		"faceDetectDU" : false,
		"faceSeg" : false,
		"faceVerify" : false,
		"foot" : false,
		"genderDetect" : false,
		"hair" : false,
		"hairColor" : false,
		"handDetect" : false,
		"handDetectKeyPoint" : false,
		"handSegment" : false,
		"matting" : false,
		"mouthSeg" : false,
		"skeleton" : false
	},
	"tag" : "AMG_59628440516469003013094630197781674929",
	"version" : "1.0"
}